dimension,mean_range,max_range,mean_std,n_dialogs
user_initiative_active_contribution,1.4444444444444444,4.0,0.7904784594016333,36
user_politeness,0.9166666666666666,3.0,0.5106647692278601,36
user_frustration_dissatisfaction,0.8888888888888888,3.0,0.5046057649252645,36
user_engagement_enjoyment,0.8888888888888888,2.0,0.500308527748063,36
user_topical_alignment,0.8888888888888888,3.0,0.48173555021876624,36
overall_conversational_interaction_quality,0.8611111111111112,2.0,0.4799737830933721,36
user_self_disclosure,0.7777777777777778,2.0,0.4361584978381046,36
user_elaboration_informativeness,0.6944444444444444,2.0,0.3923432125828373,36
